{
    "loss": 57.54513168334961,
    "accuracy": 0.5266666412353516
}