{
    "loss": 13.112890243530273,
    "accuracy": 0.7192690968513489
}