{
    "loss": 2.830465316772461,
    "accuracy": 0.6866666674613953
}